名称,名称かな,所在地,設置位置,経度,緯度
安居島集会所,あいじましゅうかいしょ,愛媛県松山市安居島甲268,玄関×1,132.7071662,34.07027739
青潮寮,あおしおりょう,愛媛県松山市長師562,舎監室×1,132.6263497,33.96406692
浅海公民館,あさなみこうみんかん,愛媛県松山市浅海原甲603-1,玄関ロビー×1,132.8012093,34.00881143
浅海小学校,あさなみしょうがっこう,愛媛県松山市浅海本谷甲728,体育館×2、職員室×1,132.8027553,34.00916413
浅海ふれあいセンター,あさなみふれあいせんたー,愛媛県松山市浅海原甲1-5,玄関×1,132.7948445,34.00870107
浅海保育園,あさなみほいくえん,愛媛県松山市浅海本谷甲719-1,事務室×1,132.8016813,34.01000708
旭中学校,あさひちゅうがっこう,愛媛県松山市下伊台町1105-1,職員室玄関×1、体育館×1、保健室×1,132.8014883,33.87362646
あさひ保育園,あさひほいくえん,愛媛県松山市吉藤2丁目7-1,事務室×1,132.7608571,33.86948381
朝美団地,あさみだんち,愛媛県松山市朝日ヶ丘2丁目1-50 外,1棟中央階段横壁×1,132.7426485,33.84807416
朝美保育園,あさみほいくえん,愛媛県松山市美沢2丁目7-39,事務室×1,132.7461341,33.85109143
あすなろ保育園,あすなろほいくえん,愛媛県松山市森松町921-1,事務所×1,132.7957592,33.79466194
朝生田ふれあいセンター,あそだふれあいせんたー,愛媛県松山市朝生田町6丁目3-32,玄関×1,132.7664781,33.821226
アユーラ・キッズルームあむぱむ,あゆーらきっずるーむあむぱむ,愛媛県松山市宮田町4-1 キスケBOX駐車場1F,玄関×1,132.7536252,33.84149841
アユーラ・キッズルームあむぱむ空港通り,あゆーらきっずるーむあむぱむくうこうどおり,愛媛県松山市高岡町127-7,保育室ロッカー×1,132.7248788,33.83086558
アユーラキッズルームあむぱむ3,あゆーらきっずるーむあむぱむすりー,愛媛県松山市樽味4丁目8-16,1階ロビーエレベーター前×1,132.7845962,33.8382119
アユーラ・キッズルームあむぱむ2,あゆーらきっずるーむあむぱむつー,愛媛県松山市日の出町10-80,玄関×1,132.7837617,33.83777952
新玉公民館,あらたまこうみんかん,愛媛県松山市千舟町8丁目69-4,玄関ロビー×1,132.7537941,33.8372716
新玉児童館,あらたまじどうかん,愛媛県松山市三番町6丁目4-20,1階事務室内×1,132.7594883,33.83801611
新玉小学校,あらたましょうがっこう,愛媛県松山市千舟町8丁目89,保健室×1、体育館×1、職員室×1,132.7543781,33.83630074
新玉第1児童クラブ,あらたまだいいちじどうくらぶ,愛媛県松山市千舟町8丁目89,児童クラブ内×1,132.7534451,33.83582946
粟井公民館,あわいこうみんかん,愛媛県松山市久保88,玄関ロビー×1,132.773913,33.93642325
粟井小学校,あわいしょうがっこう,愛媛県松山市常竹甲100,職員室×1、体育館×1、保健室×1,132.7756141,33.93439651
粟井保育園,あわいほいくえん,愛媛県松山市鹿峰63-2,事務室×1,132.7735333,33.93664675
生石団地,いくしだんち,愛媛県松山市生石町433,団地集会所×1,132.7400611,33.83457632
石井北小学校,いしいきたしょうがっこう,愛媛県松山市和泉南1丁目3-32,職員室×1、体育館×1、児童玄関前×1、保健室×1,132.7674743,33.81892859
石井北第1児童クラブ,いしいきただいいちじどうくらぶ,愛媛県松山市和泉南1丁目3-32,児童クラブ内×1,132.7667859,33.8181074
石井公民館,いしいこうみんかん,愛媛県松山市居相1丁目8-26,玄関ロビー×1,132.7754217,33.81088597
石井小学校,いしいしょうがっこう,愛媛県松山市東石井6丁目8-52,職員室×1、体育館×1、保健室×1,132.7769261,33.81099757
石井第1児童クラブ,いしいだいいちじどうくらぶ,愛媛県松山市東石井6丁目8-52,児童クラブ内×1,132.7757617,33.81059062
石井第3児童クラブ,いしいだいさんじどうくらぶ,愛媛県松山市東石井6丁目8-52,児童クラブ内×1,132.7770728,33.81160214
石井東小学校,いしいひがししょうがっこう,愛媛県松山市越智1丁目3-35,職員室×1、体育館×1、保健室×1,132.7876806,33.80799846
石井東第1児童クラブ,いしいひがしだいいちじどうくらぶ,愛媛県松山市越智1丁目2-4,児童クラブ内×1,132.7877492,33.80734903
石井東第3児童クラブ,いしいひがしだいさんじどうくらぶ,愛媛県松山市越智1丁目3-35,児童クラブ内×1,132.7864912,33.80770009
石井東第2児童クラブ,いしいひがしだいにじどうくらぶ,愛媛県松山市越智1丁目3-35,児童クラブ内×1,132.7871437,33.80731296
石井保育園,いしいほいくえん,愛媛県松山市西石井6丁目4-34,事務室×1,132.7750451,33.81259235
石井幼稚園,いしいようちえん,愛媛県松山市西石井6丁目4-29,職員室×1、東側昇降場×1,132.7742129,33.81235037
和泉団地,いずみだんち,愛媛県松山市和泉南5丁目5-1 外,団地集会所×1,132.7587632,33.8130772
和泉西団地,いずみにしだんち,愛媛県松山市和泉南6丁目9-1 外,団地集会所×1,132.7568605,33.81140901
和泉南保育園,いずみみなみほいくえん,愛媛県松山市和泉南1丁目12-10,職員室×1,132.7625985,33.81828616
伊台公民館,いだいこうみんかん,愛媛県松山市下伊台町1474-1,1階ホール×1,132.7995025,33.87900994
伊台児童クラブ,いだいじどうくらぶ,愛媛県松山市下伊台町1438-1,児童クラブ内×1,132.7982236,33.87893569
伊台小学校,いだいしょうがっこう,愛媛県松山市下伊台町1438-1,玄関×1、体育館×1、職員室×1,132.7982371,33.87811868
伊台保育園,いだいほいくえん,愛媛県松山市下伊台町1493-1,事務室×1,132.7991293,33.87798248
市坪団地,いちつぼだんち,愛媛県松山市市坪北1丁目19-1 外,団地集会所×1,132.7544429,33.81462329
市坪西団地,いちつぼにしだんち,愛媛県松山市市坪北2丁目16-1 外,団地集会所×1,132.7511655,33.8134482
市之井手浄水場,いちのいでじょうすいじょう,愛媛県松山市溝辺町65,2階水道資料館内×1,132.8072286,33.8493107
一般財団法人創精会 松山記念病院つばさ保育所,いっぱんざいだんほうじんそうせいかいまつやまきねんびょういんつばさほいくしょ,愛媛県松山市美沢1丁目10-38,事務室×1,132.750179,33.84986106
医療法人 仁勇会 めぐみ保育園,いりょうほうじんじんゆうかいめぐみほいくえん,愛媛県松山市古三津4丁目619,玄関（シューズクローゼット上）×1,132.7302431,33.85555045
ウィルビィ バンビーノ,うぃるびぃばんびーの,愛媛県松山市畑寺2丁目4-53,静養室×1,132.7975722,33.8298868
浮穴公民館,うけなこうみんかん,愛媛県松山市森松町469-6,玄関×1,132.7877613,33.78880825
浮穴小学校,うけなしょうがっこう,愛媛県松山市森松町832,保健室×1、体育館×1、職員室×1,132.7969847,33.79246729
浮穴第1児童クラブ,うけなだいいちじどうくらぶ,愛媛県松山市森松町850,児童クラブ内×1,132.7967039,33.79379559
浮穴第2児童クラブ,うけなだいにじどうくらぶ,愛媛県松山市森松町832,児童クラブ内×1,132.7988895,33.79228093
浮穴保育園,うけなほいくえん,愛媛県松山市南高井町1608-2,玄関ロビー×1,132.799406,33.7923487
内宮団地,うちみやだんち,愛媛県松山市内宮町2041-1、堀江町甲81,団地集会所×1,132.7469129,33.89641512
内宮中学校,うちみやちゅうがっこう,愛媛県松山市内宮町569-1,職員室×1、体育館×1、保健室×1,132.7491724,33.89343803
内宮ふれあいセンター,うちみやふれあいせんたー,愛媛県松山市内宮町675,玄関ロビー×1,132.7498744,33.89511179
馬木団地,うまきだんち,愛媛県松山市馬木町287,団地集会所×1,132.7442179,33.89057616
宇和間農林漁業体験実習館（分館）,うわまのうりんぎょぎょうたいけんじっしゅうかん（ぶんかん）,愛媛県松山市宇和間甲920-1,分館内×1,132.5863646,33.96890282
荏原公民館,えばらこうみんかん,愛媛県松山市東方町甲955,玄関×1、支所倉庫×1,132.8154005,33.76821566
荏原小学校,えばらしょうがっこう,愛媛県松山市東方町甲1245,職員室×1、体育館×1、保健室×1,132.8179298,33.76833321
荏原第1児童クラブ,えばらだいいちじどうくらぶ,愛媛県松山市東方町甲1493-1,児童クラブ内×1,132.8167332,33.76862524
荏原第2児童クラブ,えばらだいにじどうくらぶ,愛媛県松山市東方町甲1245,児童クラブ内×1,132.8186468,33.76896266
荏原幼稚園,えばらようちえん,愛媛県松山市東方町甲1493-3,職員室×1、2階会議室×1,132.8168194,33.76901159
愛媛県立中央病院院内保育所,えひめけんりつちゅうおうびょういんいんないほいくしょ,愛媛県松山市春日町83 医師公舎1階,職員室×1,132.7661628,33.83147878
愛媛大学城北保育所,えひめだいがくじょうほくほいくしょ,愛媛県松山市文京町3 愛媛大学教育学部4号館1階,愛媛大学城北保育所内ホール×1,132.7721487,33.85064524
えひめ乳児保育園,えひめにゅうじほいくえん,愛媛県松山市清水町4丁目23,事務室×1,132.7643921,33.85383683
愛媛保育園,えひめほいくえん,愛媛県松山市若草町8-2,事務室×1,132.7614166,33.84713964
恵良団地,えりょうだんち,愛媛県松山市北条238,団地集会所×1,132.7821733,33.97910994
エルパティオ保育園,えるぱてぃおほいくえん,愛媛県松山市北土居3丁目2-25,職員室×1,132.7843032,33.80211085
Angel Kids インターナショナル・プリスクール,えんじぇるきっずいんたーなしょなる・ぷりすくーる,愛媛県松山市東石井3丁目2-11,保育室×1,132.7815895,33.81426871
大野団地,おおのだんち,愛媛県松山市北梅本町672,1棟ピロティー壁×1,132.8363864,33.80516124
大峰団地,おおみねだんち,愛媛県松山市南江戸6丁目8-14 外,1棟階段横壁×1,132.740259,33.84034669
小栗寮,おぐりりょう,愛媛県松山市小栗7丁目1-32,小栗寮事務所内×1,132.7546404,33.82580293
小野公民館,おのこうみんかん,愛媛県松山市北梅本町759,玄関×1,132.8379917,33.80623601
小野小学校,おのしょうがっこう,愛媛県松山市平井町3673,職員室×1、体育館×1、校舎通路×1、保健室×1,132.8379943,33.80752538
小野第1児童クラブ,おのだいいちじどうくらぶ,愛媛県松山市平井町3673,児童クラブ内×1,132.8384631,33.80800688
小野中学校,おのちゅうがっこう,愛媛県松山市平井町3690,保健室前廊下×1、体育館外×1、柔剣道場入口×1、管理特別教室棟×1,132.8369864,33.80704366
かしの木園,かしのきえん,愛媛県松山市朝美1丁目11-14,玄関ロビー×1,132.7465833,33.84496914
鹿島観光情報センター,かしまかんこうじょうほうせんたー,愛媛県松山市北条辻1596-3,船長室×1,132.7664825,33.97409169
学校法人勝愛学園 幼保連携型認定こども園,がっこうほうじんしょうあいがくえんようほれんけいがたにんていこどもえん,愛媛県松山市土居田町841,職員室×1,132.7388843,33.82186308
学校法人大護学園 大護さとやま認定こども園,がっこうほうじんだいごがくえんだいごさとやまにんていこどもえん,愛媛県松山市畑寺町乙32-2,保育棟事務室×1,132.8059558,33.82544248
勝山中学校,かつやまちゅうがっこう,愛媛県松山市清水町3丁目148-2,職員室×1、体育館×1、保健室×1、教室×1,132.7651424,33.85166465
鹿峰団地,かのみねだんち,愛媛県松山市久保445-2 外,団地集会所×1,132.7665992,33.94126897
鎌田団地,かまただんち,愛媛県松山市余戸南4丁目12-14 外,団地集会所×1,132.7289672,33.81039835
上川原団地,かみがわらだんち,愛媛県松山市上川原町1154-1 外,上川原ふれあいセンター×1,132.8111428,33.77869848
鴨川中学校,かもがわちゅうがっこう,愛媛県松山市鴨川2丁目7-19,職員室×1、体育館×1、保健室×1,132.7499589,33.87281489
来住ふれあいセンター,きしふれあいせんたー,愛媛県松山市来住町1377-4,玄関ロビー×1,132.7961796,33.80880054
北久米小学校,きたくめしょうがっこう,愛媛県松山市福音寺町9,南校舎3階廊下×1、体育館×1、職員室×1,132.797699,33.82052609
北中学校,きたちゅうがっこう,愛媛県松山市太山寺町491-1,職員室×1、体育館×1、保健室×1,132.7343303,33.88290798
キッズパオあおぞら園,きっずぱおあおぞらえん,愛媛県松山市萱町2丁目4-5 アメニエス萱町1F,事務室×1,132.7571673,33.84383902
キッズパオ道後あおぞら園,きっずぱおどうごあおぞらえん,愛媛県松山市南町2丁目8-17,玄関×1,132.7787404,33.8472366
救急ワークステーション,きゅうきゅうわーくすてーしょん,愛媛県松山市末広町8,1階事務所×1,132.7637093,33.83214807
救護施設 みさか荘,きゅうごしせつみさかそう,愛媛県松山市恵原町甲1000,B棟1階介護員室×1,132.8138301,33.76775202
教育研修センター,きょういくけんしゅうせんたー,愛媛県松山市文京町2-1,玄関付近×1,132.7738196,33.84953915
共同利用施設 南吉田センター,きょうどうりようしせつみなみよしだせんたー,愛媛県松山市南吉田町1330-1,玄関×1,132.7091124,33.82654515
空港東第四公園テニスコート,くうこうひがしだいよんこうえんてにすこーと,愛媛県松山市東垣生町866-1,事務室×1,132.7146833,33.81798412
久谷中学校,くたにちゅうがっこう,愛媛県松山市浄瑠璃町940,体育館×1、職員室×1、教室棟2階×1,132.818897,33.75917491
国津保育園,くにつほいくえん,愛媛県松山市八反地甲1647,事務室×1,132.7903925,33.97062067
窪田児童クラブ,くぼたじどうくらぶ,愛媛県松山市久米窪田町307,児童クラブ内×1,132.8158353,33.80143663
窪田小学校,くぼたしょうがっこう,愛媛県松山市久米窪田町307,保健室×1、体育館×1、運動場×1、職員室×1,132.8154429,33.8015528
熊田地域総合施設（分館）,くまたちいきそうごうしせつ（ぶんかん）,愛媛県松山市熊田甲713-3,分館内×1,132.5905335,33.97158049
久米公民館,くめこうみんかん,愛媛県松山市鷹子町823,玄関×1,132.8059446,33.81373984
久米公民館 鷹子分館,くめこうみんかんたかのこぶんかん,愛媛県松山市鷹子町632-1,玄関ロビー×1,132.8117805,33.81278004
久米児童館,くめじどうかん,愛媛県松山市鷹子町4-4,1階事務室内×1,132.8061834,33.81009088
久米小学校,くめしょうがっこう,愛媛県松山市鷹子町15-1,職員室×1、体育館×1、保健室×1,132.8066675,33.81019531
久米第1児童クラブ,くめだいいちじどうくらぶ,愛媛県松山市鷹子町15-1,児童クラブ内×1,132.8072757,33.81011984
久米中学校,くめちゅうがっこう,愛媛県松山市来住町689,西玄関×1、体育館×1、職員室×1,132.8021399,33.8025527
久米保育園,くめほいくえん,愛媛県松山市鷹子町4-4,事務室×1,132.8062507,33.81018029
久米南団地,くめみなみだんち,愛媛県松山市来住町1207,団地管理人室内×1,132.7970622,33.80480209
桑原公民館,くわばらこうみんかん,愛媛県松山市桑原2丁目6-35,玄関ロビー×1,132.7920909,33.83554596
桑原児童クラブ,くわばらじどうくらぶ,愛媛県松山市桑原3丁目7-27,児童クラブ内×1,132.7937979,33.83564733
桑原小学校,くわばらしょうがっこう,愛媛県松山市桑原3丁目7-27,職員室×1、体育館×1、保健室×1,132.793968,33.83549616
桑原中学校,くわばらちゅうがっこう,愛媛県松山市畑寺町丙238-28,職員室×1、体育館×1、保健室×1,132.8064074,33.83691327
桑原保育園,くわばらほいくえん,愛媛県松山市桑原4丁目10-22,事務室×1,132.7945711,33.83263409
河野公民館,こうのこうみんかん,愛媛県松山市河野別府182-1,玄関×1,132.7814332,33.94981233
河野小学校,こうのしょうがっこう,愛媛県松山市宮内甲9-1,職員室×1、体育館×1、保健室×1,132.7849753,33.95043197
河野第1児童クラブ,こうのだいいちじどうくらぶ,愛媛県松山市宮内甲9-1,児童クラブ内×1,132.786065,33.95030305
河野保育園,こうのほいくえん,愛媛県松山市河野別府196,廊下衛生用品棚×1,132.7814065,33.95046779
興居島小学校,ごごしましょうがっこう,愛媛県松山市泊町甲425-3,職員室前玄関×1、保健室×1,132.6710081,33.8938992
興居島中学校,ごごしまちゅうがっこう,愛媛県松山市泊町甲425-3,体育館×1、運動場体育倉庫×1,132.6710081,33.8938992
興居島分団 馬磯ポンプ蔵置所,ごごしまぶんだんうまいそぽんぷぞうちしょ,愛媛県松山市門田町地先,消防ﾎﾟﾝﾌﾟ蔵置所内×1,132.6964093,33.92292443
興居島分団 門田ポンプ蔵置所,ごごしまぶんだんかどたぽんぷぞうちしょ,愛媛県松山市門田町92-1,消防ﾎﾟﾝﾌﾟ蔵置所内×1,132.6856495,33.90312558
興居島分団 北浦ポンプ蔵置所,ごごしまぶんだんきたうらぽんぷぞうちしょ,愛媛県松山市由良町55-5,消防ﾎﾟﾝﾌﾟ蔵置所内×1,132.6797964,33.91141519
興居島分団 泊ポンプ蔵置所,ごごしまぶんだんとまりぽんぷぞうちしょ,愛媛県松山市泊町615地先,消防ﾎﾟﾝﾌﾟ蔵置所内×1,132.6809567,33.88078277
興居島分団 御手洗ポンプ蔵置所,ごごしまぶんだんみたらいぽんぷぞうちしょ,愛媛県松山市泊町91-2,消防ﾎﾟﾝﾌﾟ蔵置所内×1,132.6695552,33.87293192
興居島分団 由良ポンプ蔵置所,ごごしまぶんだんゆらぽんぶぞうちしょ,愛媛県松山市由良町1220,消防ﾎﾟﾝﾌﾟ蔵置所内×1,132.6813302,33.90308654
興居島分団 鷲ヶ巣ポンプ蔵置所,ごごしまぶんだんわしがすぽんぷぞうちしょ,愛媛県松山市由良町350,消防ﾎﾟﾝﾌﾟ蔵置所内×1,132.6664794,33.90121607
小富士保育園,こふじほいくえん,愛媛県松山市三津2丁目7-16,事務室×1,132.7114007,33.86374409
五明公民館,ごみょうこうみんかん,愛媛県松山市菅沢町甲247-1,事務室×1,132.8135225,33.90325134
五明小学校,ごみょうしょうがっこう,愛媛県松山市菅沢町乙45-4,玄関×1、体育館×1、保健室×1,132.8185245,33.90326958
五明幼稚園,ごみょうようちえん,愛媛県松山市菅沢町乙45-4,職員室×1、プール横保育室×1,132.8185245,33.90326958
済生会松山乳児保育園,さいせいかいまつやまにゅうじほいくえん,愛媛県松山市祓川2丁目5-26,事務室×1,132.7199401,33.86008707
坂の上の雲ミュージアム,さかのうえのくもみゅーじあむ,愛媛県松山市一番町3丁目20,2階入口付近×1,132.7692125,33.84176827
さかのうえ保育園 小坂園,さかのうえほいくえんこさかえん,愛媛県松山市小坂2丁目1-32,玄関ロビー×1,132.7827912,33.83248262
さかのうえ保育園 小規模保育園 溝辺園,さかのうえほいくえんしょうきぼほいくえんみぞのべえん,愛媛県松山市溝辺町甲293-1,玄関×1,132.8033183,33.84883454
坂本公民館,さかもとこうみんかん,愛媛県松山市久谷町70,通路×1,132.8261222,33.74776904
坂本小学校,さかもとしょうがっこう,愛媛県松山市久谷町30,職員室×1、体育館×1、保健室×1,132.8258,33.74945394
坂本幼稚園,さかもとようちえん,愛媛県松山市久谷町24,職員室×1,132.8249201,33.74945392
さくら小学校,さくらしょうがっこう,愛媛県松山市余戸中4丁目11-1,職員室×1、体育館×1、保健室×1,132.7280723,33.81862043
さくら第1児童クラブ,さくらだいいちじどうくらぶ,愛媛県松山市余戸中4丁目11-1,児童クラブ内×1,132.7283944,33.81815828
さくら第2児童クラブ,さくらだいにじどうくらぶ,愛媛県松山市余戸中4丁目11-1,児童クラブ内×1,132.7283944,33.81815828
小百合保育園,さゆりほいくえん,愛媛県松山市溝辺町甲528,事務室×1,132.8063422,33.8530409
三光団地,さんこうだんち,愛媛県松山市太山寺町333-1,団地集会所×1,132.7360864,33.87764445
三福5Starインターナショナル保育園,さんぷくふぁいぶすたーいんたーなしょなるほいくえん,愛媛県松山市中村2丁目1-3 三福住まいの体感プラザ2階,事務室×1,132.7788314,33.83184859
三福5starプリスクール中村,さんぷくふぁいぶすたーぷりすくーるなかむら,愛媛県松山市中村2丁目1-3 三福住まいの体感プラザ2階,玄関ロビー×1,132.7787532,33.83213432
しおかぜ児童クラブ,しおかぜじどうクラブ,愛媛県松山市梅津寺町1352-2,児童クラブ内×1,132.7079857,33.87619218
潮見公民館,しおみこうみんかん,愛媛県松山市吉藤4丁目3-16,玄関ロビー×1,132.7546511,33.87255073
潮見小学校,しおみしょうがっこう,愛媛県松山市吉藤4丁目7-13,職員室×1、保健室×1、体育館×1、運動場×1,132.7551652,33.87463212
潮見団地,しおみだんち,愛媛県松山市谷町34,団地集会所×1,132.7551178,33.87606455
潮見保育園,しおみほいくえん,愛媛県松山市谷町49,事務室×1,132.7523497,33.87654668
子規記念博物館,しききねんはくぶつかん,愛媛県松山市道後公園1-30,2階受付×1,132.7871374,33.8496964
四国がんセンターくにたち保育園,しこくがんせんたーくにたちほいくえん,愛媛県松山市南梅本町160 SCCコート南梅本1階,玄関×1,132.8415974,33.79841965
慈童保育園,じどうほいくえん,愛媛県松山市下難波甲816,玄関ロビー×1,132.7889504,33.98694556
東雲公民館,しののめこうみんかん,愛媛県松山市勝山町2丁目11-5,玄関×1,132.7758364,33.84438824
東雲小学校,しののめしょうがっこう,愛媛県松山市文京町2-1,職員室×1、体育館×1、保健室×1,132.77427,33.84949179
東雲第1児童クラブ,しののめだいいちじどうくらぶ,愛媛県松山市文京町2-1 東雲小学校内,児童クラブ内×1,132.774133,33.84967794
東雲第3児童クラブ,しののめだいさんじどうくらぶ,愛媛県松山市道後一万8-28 コーポラスたなか1階,児童クラブ内×1,132.7755108,33.84887037
東雲第2児童クラブ,しののめだいにじどうくらぶ,愛媛県松山市文京町2-2 東雲小学校内,児童クラブ内×1,132.7740049,33.85041199
東雲保育園,しののめほいくえん,愛媛県松山市東雲町7-1,事務室×1,132.7747296,33.84605715
清水公民館,しみずこうみんかん,愛媛県松山市清水町3丁目170-4,玄関ロビー×1,132.7649313,33.8527549
清水小学校,しみずしょうがっこう,愛媛県松山市清水町3丁目15,職員室×1、体育館×1、職員室×1,132.7674344,33.85193434
清水ふれあいセンター,しみずふれあいせんたー,愛媛県松山市清水町1丁目9-9,玄関ロビー×1,132.7628537,33.84880437
社会福祉法人立花会 幼保連携型認定こども園 立花こども園,しゃかいふくしほうじんたちばなかいようほれんけいがたにんていこどもえんたちばなこどもえん,愛媛県松山市立花5丁目5-5,事務室×1,132.770204,33.82778466
ジャックと豆の木園 どいだ園,じゃっくとまめのきえんどいだえん,愛媛県松山市土居田町98-1,事務室×1,132.7529072,33.82112987
小規模保育園おひさま,しょうきぼほいくえんおひさま,愛媛県松山市居相1丁目2-6,玄関ロビー×1,132.7743159,33.80939869
小規模保育事業所 ひかり,しょうきぼほいくじぎょうしょひかり,愛媛県松山市畑寺町843-1,玄関ホール×1,132.8048641,33.83908964
小規模保育所 ジャックと豆の木園 えだまつ第2,しょうきぼほいくしょじゃっくとまめのきえんえだまつだい２,愛媛県松山市枝松6丁目7-21,玄関×1,132.7858017,33.82570366
城西中学校,じょうせいちゅうがっこう,愛媛県松山市竹原3丁目19-35,南校舎3階廊下×1、体育館×1、保健室×1,132.7482503,33.83459444
生石公民館,しょうせきこうみんかん,愛媛県松山市高岡町860-67,玄関ロビー×1,132.7131141,33.83082525
生石小学校,しょうせきしょうがっこう,愛媛県松山市高岡町630-3,職員室×1、体育館×1、保健室×1,132.7159334,33.8310933
生石第1児童クラブ,しょうせきだいいちじどうくらぶ,愛媛県松山市高岡町630-3,児童クラブ内×1,132.7166412,33.83197122
生石第5児童クラブ,しょうせきだいごじどうくらぶ,愛媛県松山市高岡町630-3,児童クラブ内×1,132.7159104,33.83161546
生石第4児童クラブ,しょうせきだいよんじどうくらぶ,愛媛県松山市高岡町630-3,児童クラブ内×1,132.7166315,33.83208623
生石保育園,しょうせきほいくえん,愛媛県松山市高岡町860-1,事務室×1,132.7127002,33.83081727
消防局3階警防課,しょうぼうきょくさんかいけいぼうか,愛媛県松山市本町6丁目6-1,イベント等貸出用×2,132.7584464,33.85245882
白百合保育園,しらゆりほいくえん,愛媛県松山市府中9-2,事務室×1,132.7695458,33.95324507
新開団地,しんがいだんち,愛媛県松山市北条辻807、957,団地集会所×1,132.7732898,33.96445138
水道管路管理センター,すいどうかんろかんりせんたー,愛媛県松山市保免中3丁目5-15,2階事務所内×1,132.7482569,33.81476746
青少年センター,せいしょうねんせんたー,愛媛県松山市築山町12-33,1階正面受付付近×1,132.7801836,33.83956083
素鵞公民館,そがこうみんかん,愛媛県松山市中村3丁目2-34,玄関×1,132.7775596,33.83147595
素鵞小学校,そがしょうがっこう,愛媛県松山市小坂1丁目4-48,職員室×1、体育館×1、保健室×1,132.7798701,33.83554716
素鵞第1児童クラブ,そがだいいちじどうくらぶ,愛媛県松山市小坂1丁目4-48,児童クラブ内×1,132.779838,33.83372688
素鵞第2児童クラブ,そがだいにじどうくらぶ,愛媛県松山市小坂1丁目4-48,児童クラブ内×1,132.779829,33.83480874
第一和泉団地,だいいちいずみだんち,愛媛県松山市和泉南5丁目12-1 外,団地集会所×1,132.7551207,33.81349504
太山寺団地,たいさんじだんち,愛媛県松山市太山寺町2384,団地集会所×2,132.7272143,33.89467959
太山寺保育園,たいさんじほいくえん,愛媛県松山市太山寺町1189-1,事務室×1,132.7289237,33.88587446
高岡団地,たかおかだんち,愛媛県松山市高岡町728-2,2棟1階エレベーター前×1,132.7198965,33.83453417
高木保育園,たかぎほいくえん,愛媛県松山市高木町252,玄関ロビー×1,132.7418189,33.88499284
高砂団地,たかさごだんち,愛媛県松山市高砂町3丁目3-2,団地集会所×1,132.7612293,33.85211447
高浜公民館,たかはまこうみんかん,愛媛県松山市梅津寺町1335-4,1階廊下階段横×1、玄関×1,132.7089152,33.87295821
高浜小学校,たかはましょうがっこう,愛媛県松山市梅津寺町1352-2,職員室×1、体育館×1、保健室×1,132.7083263,33.87593114
高浜中学校,たかはまちゅうがっこう,愛媛県松山市梅津寺町乙52,職員玄関×1、体育館1階外×1、保健室×1,132.7102876,33.87525966
高浜保育園,たかはまほいくえん,愛媛県松山市高浜町6丁目1674,玄関ロビー×1,132.7082181,33.89313661
拓川市民運動広場,たくせんしみんうんどうひろば,愛媛県松山市拓川町453-1,倉庫内×1,132.7653205,33.82623367
拓南中学校,たくなんちゅうがっこう,愛媛県松山市枝松5丁目4-39,職員室前×1、クラブハウス×1、保健室×1,132.7833872,33.82865586
竹原保育園,たけわらほいくえん,愛媛県松山市竹原3丁目18-12,事務室×1,132.7489607,33.83427241
たちばな小学校,たちばなしょうがっこう,愛媛県松山市針田町209-1,保健室×1、体育館×1、職員室×1,132.7340861,33.82406045
たちばな第1児童クラブ,たちばなだいいちじどうくらぶ,愛媛県松山市針田町209-1,児童クラブ内×1,132.7336413,33.82245171
たちばな第2児童クラブ,たちばなだいにじどうくらぶ,愛媛県松山市針田町209-1,児童クラブ内×1,132.7337543,33.8224703
立岩公民館,たていわこうみんかん,愛媛県松山市猿川甲747,玄関ロビー×1,132.8391436,33.97530783
立岩小学校,たていわしょうがっこう,愛媛県松山市猿川原甲49,職員玄関×1、体育館×1、保健室×1,132.8361903,33.97591854
たまのいし保育園,たまのいしほいくえん,愛媛県松山市勝山町1丁目10-2 第2えびすビル2F,玄関（靴箱の上）×1,132.7751025,33.83940703
チャイルド園,ちゃいるどえん,愛媛県松山市千舟町1丁目2-11,保育室×1,132.7726767,33.83687971
チャイルドハウス おれんじ,ちゃいるどはうすおれんじ,愛媛県松山市祝谷町1丁目6-23,事務室×1,132.7839626,33.85531335
ちゃれんじ KID'S CLUB,ちゃれんじきっずくらぶ,愛媛県松山市北土居3丁目7-3 三友ビル2F,事務室（玄関カウンター後ろ）×1,132.785579,33.8027856
中央児童センター,ちゅうおうじどうせんたー,愛媛県松山市若草町8-3,1階事務所内×1,132.7614247,33.84659815
中央消防署 城北支署,ちゅうおうしょうぼうしょじょうほくししょ,愛媛県松山市馬木町2227,1階事務所×1,132.7453539,33.8924662
中央消防署 北条支署,ちゅうおうしょうぼうしょほうじょうししょ,愛媛県松山市北条辻1170-6,1階食堂×1,132.7725119,33.96168805
津田中学校,つだちゅうがっこう,愛媛県松山市北斎院町1106,職員室×1、体育館×1、保健室×1,132.72227,33.83723994
椿小学校,つばきしょうがっこう,愛媛県松山市和泉南6丁目1-47,職員室×1、体育館×1、保健室×1,132.7604397,33.81146628
椿第1児童クラブ,つばきだいいちじどうくらぶ,愛媛県松山市古川北3丁目8-20,児童クラブ内×1,132.7647969,33.81084302
椿第3児童クラブ,つばきだいさんじどうくらぶ,愛媛県松山市和泉南6丁目1-47,児童クラブ内×1,132.7591534,33.81057517
椿第2児童クラブ,つばきだいにじどうくらぶ,愛媛県松山市和泉南6丁目1-47,児童クラブ内×1,132.7598116,33.81130611
椿中学校,つばきちゅうがっこう,愛媛県松山市市坪南1丁目1-20,職員室×1、体育館×1、体育館外×1,132.7547524,33.80818352
椿野団地,つばきのだんち,愛媛県松山市西石井4丁目11-16,団地集会所×1,132.7685488,33.81547796
つばき保育園,つばきほいくえん,愛媛県松山市古川北2丁目18-30,事務室×1,132.7628429,33.81309747
釣島分校（休校）,つるしまぶんこう（きゅうこう）,愛媛県松山市泊町1465,玄関×1,132.6376202,33.8946706
道後温泉椿の湯,どうごおんせんつばきのゆ,愛媛県松山市道後湯之町19-22,1階男子更衣室入口左側×1,132.7850098,33.85243142
道後温泉別館 飛鳥乃湯泉,どうごおんせんべっかんあすかのゆ,愛媛県松山市道後湯之町19-22,1Fエレベータ前北角×1,132.7846645,33.85230256
道後温泉本館,どうごおんせんほんかん,愛媛県松山市道後湯之町5-6,北側玄関浴客出入口東側×1,132.7864137,33.85207127
道後公民館,どうごこうみんかん,愛媛県松山市道後町1丁目5-31,玄関×1,132.7845535,33.84916276
道後小学校,どうごしょうがっこう,愛媛県松山市石手4丁目10-5,体育館×1、運動場×1、保健室×1,132.7921645,33.84503396
道後第1児童クラブ,どうごだいいちじどうくらぶ,愛媛県松山市石手4丁目10-5,児童クラブ内×1,132.7922067,33.84565404
道後中学校,どうごちゅうがっこう,愛媛県松山市上市1丁目3-57,職員室×2、体育館×1,132.7897963,33.84543176
道後保育園,どうごほいくえん,愛媛県松山市道後姫塚123-1,事務室×1,132.7892172,33.84966717
特別養護老人ホーム 久谷荘,とくべつようごろうじんほーむくたにそう,愛媛県松山市恵原町甲940,A棟1階西介護員室×1、A棟2階エレベーター前×1,132.8146113,33.76910353
泊公民館,とまりこうみんかん,愛媛県松山市泊町818,事務室×1,132.6798182,33.8835802
富久団地,とみひさだんち,愛媛県松山市富久町515,団地集会所×1,132.7249373,33.82349017
富久保育園,とみひさほいくえん,愛媛県松山市富久町32-3,保育室×1,132.7333598,33.82286099
中島港港湾ビル（船舶･バス待合所）,なかじまこうこうわんびる（せんぱくばすまちあいしょ）,愛媛県松山市中島大浦4764,中島汽船の事務所内×1,132.6301243,33.97298616
中島公民館,なかじまこうみんかん,愛媛県松山市中島大浦2962,事務室×1,132.6254801,33.97485218
中島公民館 饒分館,なかじまこうみんかんにょうぶんかん,愛媛県松山市饒423,分館内×1,132.6069278,33.98696815
中島こども園,なかじまこどもえん,愛媛県松山市中島大浦3040-1,事務室×1,132.6286699,33.97372614
中島支所,なかじまししょ,愛媛県松山市中島大浦1626,1階ロビー×1,132.6295451,33.97525931
中島小学校,なかじましょうがっこう,愛媛県松山市長師564,玄関×1、体育館×1,132.6260346,33.96261694
中島神和分団 上怒和ポンプ蔵置所,なかじまじんわぶんだんかみぬわぽんぷぞうちしょ,愛媛県松山市上怒和甲653-1,消防ﾎﾟﾝﾌﾟ蔵置所内×1,132.5562693,33.98024127
中島神和分団 津和地ポンプ蔵置所,なかじまじんわぶんだんつわじぽんぷぞうちしょ,愛媛県松山市津和地601-2,消防ﾎﾟﾝﾌﾟ蔵置所内×1,132.515482,33.98307434
中島神和分団 二神ポンプ蔵置所,なかじまじんわぶんだんふたがみぽんぷぞうちしょ,愛媛県松山市二神甲459-16,消防ﾎﾟﾝﾌﾟ蔵置所内×1,132.5398433,33.93336763
中島神和分団 元怒和集落総合施設,なかじまじんわぶんだんもとぬわしゅうらくそうごうしせつ,愛媛県松山市元怒和1809-28,消防ﾎﾟﾝﾌﾟ蔵置所内×1,132.5406642,33.97564183
中島中学校,なかじまちゅうがっこう,愛媛県松山市長師817,多目的ホール×1、体育館×1,132.6252881,33.96401108
中島西分団 粟井ポンプ蔵置所,なかじまにしぶんだんあわいぽんぷぞうちしょ,愛媛県松山市中島粟井甲782-2,消防ﾎﾟﾝﾌﾟ蔵置所内×1,132.6387714,33.99290608
中島西分団 畑里ポンプ蔵置所,なかじまにしぶんだんはたりぽんぷぞうちしょ,愛媛県松山市畑里乙358-2,消防ﾎﾟﾝﾌﾟ蔵置所内×1,132.6211966,33.9915589
中島西分団 吉木ポンプ蔵置所,なかじまにしぶんだんよしきぽんぷぞうちしょ,愛媛県松山市吉木甲618-2,消防ﾎﾟﾝﾌﾟ蔵置所内×1,132.6035333,33.9791061
中島東分団 大浦・小浜ポンプ蔵置所,なかじまひがしぶんだんおおうらおばまぽんぷぞうちしょ,愛媛県松山市中島大浦4764,消防ﾎﾟﾝﾌﾟ蔵置所内×1,132.6299615,33.97271798
中島東分団 神浦ポンプ蔵置所,なかじまひがしぶんだんこうのうらぽんぷぞうちしょ,愛媛県松山市神浦736-6,消防ﾎﾟﾝﾌﾟ蔵置所内×1,132.6062785,33.95166029
中島東分団 長師ポンプ蔵置所,なかじまひがしぶんだんながしぽんぷぞうちしょ,愛媛県松山市長師1466-56,消防ﾎﾟﾝﾌﾟ蔵置所内×1,132.6240908,33.95714291
中島東分団 宮野ポンプ蔵置所,なかじまひがしぶんだんみやのぽんぷぞうちしょ,愛媛県松山市宮野1-1,消防ﾎﾟﾝﾌﾟ蔵置所内×1,132.6170378,33.95784412
中島ふれあいセンター,なかじまふれあいせんたー,愛媛県松山市小浜甲1191,玄関×1,132.6277417,33.96590549
中島睦野分団 野忽那ポンプ蔵置所,なかじまむつのぶんだんのぐつなぽんぷぞうちしょ,愛媛県松山市野忽那甲1442-6,消防ﾎﾟﾝﾌﾟ蔵置所内×1,132.6899526,33.97526676
中島睦野分団 睦月ポンプ蔵置所,なかじまむつのぶんだんむづきぽんぷぞうちしょ,愛媛県松山市睦月甲2194-23,消防ﾎﾟﾝﾌﾟ蔵置所内×1,132.6652337,33.95688893
中須賀保育園,なかすがほいくえん,愛媛県松山市中須賀1丁目12-17,事務室×1,132.7246366,33.86482836
中之川地下駐車場,なかのかわちかちゅうしゃじょう,愛媛県松山市湊町3丁目地先,管理事務所×1,132.7695318,33.83499814
なのはな保育園,なのはなほいくえん,愛媛県松山市和泉南6丁目4-33,事務所×1,132.7590168,33.81156883
難波公民館,なんばこうみんかん,愛媛県松山市中通甲777-1,玄関ロビー×1,132.7922268,33.98329502
難波小学校,なんばしょうがっこう,愛媛県松山市中通甲807-1,職員室前廊下×1、体育館×1、保健室×1,132.7942307,33.98302928
南部児童センター,なんぶじどうせんたー,愛媛県松山市古川北3丁目8-20,2階事務室内×1,132.764759,33.81107486
西消防署,にししょうぼうしょ,愛媛県松山市三津3丁目4-23,1階受付×1,132.7130859,33.8612461
西消防署 西部支署,にししょうぼうしょせいぶししょ,愛媛県松山市富久町277,1階受付×1,132.7279774,33.82009651
西中学校,にしちゅうがっこう,愛媛県松山市高岡町409,保健室×1、柔剣道場×1、職員室×1,132.7173305,33.82617279
ニチイキッズひめやま保育園,にちいきっずひめやまほいくえん,愛媛県松山市山越1丁目7-55,事務所×1,132.7589407,33.85791213
認可外保育施設あいみー,にんかがいほいくしせつあいみー,愛媛県松山市千舟町4丁目2-2 ITOビル7階、4階,職員室×1,132.7663185,33.8365681
認定こども園 愛光保育園,にんていこどもえんあいこうほいくえん,愛媛県松山市愛光町9-8,事務室×1,132.7487023,33.84680168
認定こども園 アイドル園,にんていこどもえんあいどるえん,愛媛県松山市雄郡2丁目6-17,玄関×1,132.7525692,33.82919545
認定こども園 コイノニア保育園,にんていこどもえんこいのにあほいくえん,愛媛県松山市久万ノ台173,2階保育室×1,132.7467975,33.85800222
認定こども園 こどものくに保育園,にんていこどもえんこどものくにほいくえん,愛媛県松山市南斎院町乙41-3,事務室×1,132.733655,33.84465411
認定こども園 小羊園,にんていこどもえんこひつじえん,愛媛県松山市小坂3丁目6-13,本園玄関×1,132.7829174,33.8308143
認定こども園 コモドまつすえ園,にんていこどもえんこもどまつすええん,愛媛県松山市松末1丁目2-11,玄関靴箱横×1,132.7904903,33.82569369
認定こども園 ジャックと豆の木園,にんていこどもえんじゃっくとまめのきえん,愛媛県松山市枝松6丁目7-16,枝松園玄関ロビー×1,132.7853552,33.82566753
認定こども園 ジャックと豆の木園 余戸園,にんていこどもえんじゃっくとまめのきえんようごえん,愛媛県松山市余戸南2丁目24-38,玄関×1,132.7348273,33.81074953
認定こども園 城北愛児園,にんていこどもえんじょうほくあいじえん,愛媛県松山市安城寺町1744-6,玄関ロビー×1,132.7383558,33.88718112
認定こども園 つくし,にんていこどもえんつくし,愛媛県松山市堀江町甲108-15,1階南側玄関×1,132.7460732,33.89496923
認定こども園 はなみずき保育園,にんていこどもえんはなみずきほいくえん,愛媛県松山市古川西1丁目16-1,事務室×1,132.7589133,33.81062148
認定こども園 福角保育園,にんていこどもえんふくずみほいくえん,愛媛県松山市福角町甲1258-2,職員室×1,132.760308,33.90096153
認定こども園 北条幼稚園,にんていこどもえんほうじょうようちえん,愛媛県松山市北条1122,1・2歳児保育室×1,132.7736819,33.97929048
認定こども園 松山隣保館保育園,にんていこどもえんまつやまりんぽかんほいくえん,愛媛県松山市味酒町2丁目14-3,事務室×1,132.7554215,33.84462445
認定こども園 ゆうゆう,にんていこどもえんゆうゆう,愛媛県松山市朝生田町6丁目2-27,1歳児保育室×1,132.7667332,33.82099605
怒和小学校,ぬわしょうがっこう,愛媛県松山市元怒和甲8-2,体育館外×1,132.548769,33.97364888
農業指導センター,のうぎょうしどうせんたー,愛媛県松山市北梅本町甲1314,事務室×1,132.8577037,33.81433804
のぞみ保育園,のぞみほいくえん,愛媛県松山市土居田町569,職員室×1,132.7442008,33.82244792
葉佐池古墳公園ガイダンス棟,はざいけこふんこうえんがいだんすとう,愛媛県松山市北梅本町甲2455,事務室×1,132.8471716,33.81429896
垣生公民館,はぶこうみんかん,愛媛県松山市西垣生町1228,玄関ロビー×1,132.7028911,33.81422913
垣生小学校,はぶしょうがっこう,愛媛県松山市西垣生町730-1,職員室×1、東体育館×1、西体育館×1、保健室前×1,132.7050857,33.81396184
垣生第2児童クラブ,はぶだいにじどうくらぶ,愛媛県松山市西垣生町730-1,児童クラブ内×1,132.7042663,33.81354656
垣生第4児童クラブ,はぶだいよんじどうくらぶ,愛媛県松山市西垣生町730-1,児童クラブ内×1,132.7044248,33.8135406
垣生中学校,はぶちゅうがっこう,愛媛県松山市西垣生町418,職員室×1、体育館×1、保健室×1,132.7055037,33.80977797
垣生保育園,はぶほいくえん,愛媛県松山市西垣生町742-1,事務室×1,132.704729,33.81318844
番町公民館（建替工事中のため番町小学校に移設）,ばんちょうこうみんかん（たてかえこうじちゅうのためばんちょうしょうがっこうにいせつ）,愛媛県松山市二番町4丁目6-1,番町小学校北校舎2階事務室×1,132.7666858,33.83984532
番町児童クラブ,ばんちょうじどうくらぶ,愛媛県松山市二番町4丁目6-1,児童クラブ内×1,132.7660526,33.8388667
番町小学校,ばんちょうしょうがっこう,愛媛県松山市二番町4丁目6-1,保健室×1、体育館×1、職員室×1,132.7666858,33.83984532
日浦公民館,ひうらこうみんかん,愛媛県松山市河中町甲646,玄関ロビー×1,132.8682447,33.90022576
日浦公民館 大井野分館,ひうらこうみんかんおおいのぶんかん,愛媛県松山市大井野町甲224-1,玄関×1,132.8852674,33.91721618
日浦公民館 川の郷分館,ひうらこうみんかんかわのごうぶんかん,愛媛県松山市川の郷町甲426-1,玄関×1,132.8669618,33.88233336
日浦公民館 藤野分館,ひうらこうみんかんふじのぶんかん,愛媛県松山市藤野町甲225-1,玄関×1,132.8599362,33.89684002
日浦小学校,ひうらしょうがっこう,愛媛県松山市河中町甲79-2,玄関（校舎内）×1、体育館×1、職員室×1,132.8715597,33.90033048
日浦中学校,ひうらちゅうがっこう,愛媛県松山市河中町188-1,玄関×1、体育館×1、職員室×1,132.8709716,33.90134164
東消防署,ひがししょうぼうしょ,愛媛県松山市道後湯之町18-4,1階受付×1,132.7841494,33.85231965
東消防署 城東支署,ひがししょうぼうしょじょうとうししょ,愛媛県松山市河原町7-19,3階事務所×1,132.7708029,33.83521645
東中学校,ひがしちゅうがっこう,愛媛県松山市文京町2-2,職員室×1、体育館×1、保健室×1,132.7736844,33.84998184
東垣生健康増進センター,ひがしはぶけんこうぞうしんせんたー,愛媛県松山市東垣生町636-1,事務所内×1,132.7150542,33.81448974
東松山こども園,ひがしまつやまこどもえん,愛媛県松山市久米窪田町394-1,職員室×1,132.8117542,33.80330202
久枝公民館,ひさえだこうみんかん,愛媛県松山市西長戸町299,玄関×1,132.7422198,33.86861546
久枝児童館,ひさえだじどうかん,愛媛県松山市西長戸町638-1,2階事務室内×1,132.737499,33.86912473
久枝小学校,ひさえだしょうがっこう,愛媛県松山市安城寺町586-1,職員室×1、体育館×1、運動場×1、保健室×1,132.7409926,33.87107333
久枝第1児童クラブ,ひさえだだいいちじどうくらぶ,愛媛県松山市安城寺町586-1,児童クラブ内×1,132.7401968,33.87168828
久枝第3児童クラブ,ひさえだだいさんじどうくらぶ,愛媛県松山市安城寺町586-1,児童クラブ内×1,132.7405088,33.87117015
久枝第2児童クラブ,ひさえだだいにじどうくらぶ,愛媛県松山市安城寺町586-1,児童クラブ内×1,132.7409331,33.87167984
久枝なかよしふれあいセンター,ひさえだなかよしふれあいせんたー,愛媛県松山市西長戸町638-1,1階玄関×1,132.7376262,33.86925513
ひだまり保育園,ひだまりほいくえん,愛媛県松山市三番町1丁目13-1 ライブタウン三番町1階,事務室×1,132.7748546,33.83834865
ひめっこ保育園,ひめっこほいくえん,愛媛県松山市春日町12-5,玄関内受付×1,132.7644612,33.83366639
姫山児童クラブ,ひめやまじどうくらぶ,愛媛県松山市姫原1丁目3-13,児童クラブ内×1,132.7639141,33.86509506
姫山小学校,ひめやましょうがっこう,愛媛県松山市山越3丁目800,保健室×1、体育館×1、職員玄関×1、職員室×1,132.7634452,33.86384127
姫山第2児童クラブ,ひめやまだいにじどうくらぶ,愛媛県松山市山越3丁目800,児童クラブ内×1,132.7638001,33.86341513
ひよこ保育園,ひよこほいくえん,愛媛県松山市南斎院町686-2,事務室×1,132.7311996,33.83049352
平井保育園,ひらいほいくえん,愛媛県松山市平井町甲118,事務室×1,132.8362007,33.80971162
福音小学校,ふくおんしょうがっこう,愛媛県松山市福音寺町355-1,職員室×1、体育館×1、保健室×1,132.7903819,33.82182932
福音第1児童クラブ,ふくおんだいいちじどうくらぶ,愛媛県松山市福音寺町355-1,児童クラブ内×1,132.7906054,33.820929
双葉小学校,ふたばしょうがっこう,愛媛県松山市土居田町123-3,職員室×1、体育館×1、保健室×1,132.7528057,33.82364602
古川ふれあいセンター,ふるかわふれあいせんたー,愛媛県松山市古川南1丁目20-18,玄関×1,132.7620258,33.80855821
古三津団地,ふるみつだんち,愛媛県松山市古三津3丁目26-1 外,団地集会所×1,132.7324655,33.85996983
別府市民運動広場,べふしみんうんどうひろば,愛媛県松山市別府町621-3,倉庫内×1,132.7164716,33.84703026
保育園 フォーキッズミネルワ（休園中）,ほいくえんふぉーきっずみねるわ（きゅうえんちゅう）,愛媛県松山市東垣生町903-1,保育園内×1,132.7186555,33.81771717
保育所 ちびっこランド いしい園,ほいくしょちびっこらんどいしいえん,愛媛県松山市西石井1丁目1-25,園長室×1,132.7741174,33.81636145
保育所 ちびっこランド つばき園,ほいくしょちびっこらんどつばきえん,愛媛県松山市居相1丁目1-10,玄関ロビー×1,132.7751569,33.80939062
保育所 ちびっこランド どいだ園,ほいくしょちびっこらんどどいだえん,愛媛県松山市土居田町848-7,保育室（エアコン調整横）×1,132.7385959,33.8205491
保育所 ぶどうの樹,ほいくしょぶどうのき,愛媛県松山市福音寺町27-5,玄関ロビー×1,132.7944604,33.81936272
北条愛児園,ほうじょうあいじえん,愛媛県松山市土手内14-1,職員室×1,132.7735402,33.97228895
北条北中学校,ほうじょうきたちゅうがっこう,愛媛県松山市北条辻365,生徒玄関×1、体育館×1、保健室×1,132.7810033,33.97066725
北条公民館,ほうじょうこうみんかん,愛媛県松山市北条辻6,南玄関×1,132.7777492,33.97667056
北条児童センター,ほうじょうじどうせんたー,愛媛県松山市河野別府937,玄関下駄箱上×1,132.7821074,33.95816791
北条小学校,ほうじょうしょうがっこう,愛媛県松山市北条辻64,職員室×1、体育館×1、高学年部室×1,132.7792283,33.97487712
北条スポーツセンター（体育館）,ほうじょうすぽーつせんたー（たいいくかん）,愛媛県松山市大浦86-1,事務室×1,132.7733415,33.99649823
北条スポーツセンター（野球場）,ほうじょうすぽーつせんたー（やきゅうじょう）,愛媛県松山市下難波乙169-2,北側倉庫×2,132.7822829,33.99635988
北条スポーツセンター（レストハウス）,ほうじょうすぽーつせんたー（れすとはうす）,愛媛県松山市大浦86-1,1階事務室前×1,132.7737583,33.99601404
北条体育館,ほうじょうたいいくかん,愛媛県松山市北条辻1170-6,事務室×1,132.7721683,33.96155102
北条第2児童クラブ,ほうじょうだいにじどうくらぶ,愛媛県松山市北条辻64,児童クラブ内×1,132.7787229,33.97545456
北条ふるさと館,ほうじょうふるさとかん,愛媛県松山市河野別府995,事務所×1,132.7801381,33.95869593
北条ふれあいセンター,ほうじょうふれあいせんたー,愛媛県松山市中西外346-3,玄関ロビー×1,132.7838359,33.96509686
北条南中学校,ほうじょうみなみちゅうがっこう,愛媛県松山市河野別府12,職員室×1、体育館×1、本館2階廊下×1,132.7813533,33.94604766
ほしふるテラス姫ヶ浜（姫ヶ浜荘）,ほしふるてらすひめがはま（ひめがはまそう）,愛媛県松山市長師68-1,事務室×1,132.6270153,33.95679766
堀江港休憩所,ほりえこうきゅうけいしょ,愛媛県松山市堀江町甲1742-13,休憩室×1,132.7497979,33.90735973
堀江公民館,ほりえこうみんかん,愛媛県松山市堀江町甲1400-1,玄関ロビー×1,132.7537645,33.90363932
堀江公民館東大栗分館,ほりえこうみんかんひがしおおぐりぶんかん,愛媛県松山市東大栗町780-1,放送室×1,132.7827479,33.90669735
堀江小学校,ほりえしょうがっこう,愛媛県松山市福角町甲1409-2,職員室×1、体育館×1、保健室×1,132.7583528,33.90221295
堀江第1児童クラブ,ほりえだいいちじどうくらぶ,愛媛県松山市福角町甲1280-5,児童クラブ内×1,132.7591399,33.90168463
堀江第2児童クラブ,ほりえだいにじどうくらぶ,愛媛県松山市福角町甲1409-2,児童クラブ内×1,132.7583128,33.90136745
堀江保育園,ほりえほいくえん,愛媛県松山市堀江町甲1654-9,事務室×1,132.7484776,33.90487824
本町団地,ほんまちだんち,愛媛県松山市山越町460-1 外,団地集会所×1,132.7570755,33.85566079
本町保育園,ほんまちほいくえん,愛媛県松山市山越町466-2,事務室×1,132.7581807,33.8561541
正岡公民館,まさおかこうみんかん,愛媛県松山市八反地甲90-1,玄関ロビー×1,132.7950925,33.97039729
正岡小学校,まさおかしょうがっこう,愛媛県松山市八反地甲160,職員玄関×1、体育館×1、保健室×1,132.7941831,33.96978997
まちっこ保育園,まちっこほいくえん,愛媛県松山市千舟町2丁目1-2,玄関内受付×1,132.7724837,33.83608807
松末南団地,まつすえみなみだんち,愛媛県松山市松末2丁目11-2 外,団地集会所×1,132.7875459,33.82530159
松ノ木団地,まつのきだんち,愛媛県松山市松ノ木1丁目6-25,2棟EV横×1,132.7179219,33.8682856
松山衛生ecoセンター,まつやまえいせいえこせんたー,愛媛県松山市北吉田町77-31,管理棟1階玄関×1,132.7015652,33.84345399
松山市急患医療センター,まつやましきゅうかんいりょうせんたー,愛媛県松山市萱町6丁目30-1,1階処置室×1,132.7573451,33.8525228
松山市公営企業局,まつやましこうえいきぎょうきょく,愛媛県松山市二番町4丁目4-6,1階ロビー階段付近×1,132.7670708,33.84005293
松山市公設水産地方卸売市場,まつやましこうせつすいさんちほうおろしうりしじょう,愛媛県松山市三津埠頭1-2,正門守衛室×1,132.7083582,33.86420459
松山市斎場,まつやましさいじょう,愛媛県松山市食場町甲2,松山市斎場事務所内×1,132.8231218,33.84981382
松山市児童発達支援センターひまわり園,まつやましじどうはったつしえんせんたーひまわりえん,愛媛県松山市水泥町368-1,1階スタッフ室×1,132.8181077,33.80228407
松山市消防局,まつやまししょうぼうきょく,愛媛県松山市本町6丁目6-1,中央署受付×1,132.7584464,33.85245882
松山市西部浄化センター,まつやましせいぶじょうかせんたー,愛媛県松山市南吉田町2798-80,中央監視室×1,132.6926782,33.82602588
松山市総合コミュニティセンター（温水プール）,まつやましそうごうこみゅにてぃせんたー（おんすいぷーる）,愛媛県松山市湊町7丁目5,事務室×1,132.7550787,33.83633652
松山市総合コミュニティセンター（企画展示ホール）,まつやましそうごうこみゅにてぃせんたー（きかくてんじほーる）,愛媛県松山市湊町7丁目5,事務室×1,132.7533009,33.83554355
松山市総合コミュニティセンター（キャメリアホール）,まつやましそうごうこみゅにてぃせんたー（きゃめりあほーる）,愛媛県松山市湊町7丁目5,ロビー×1,132.7554849,33.83543174
松山市総合コミュニティセンター（こども館･コスモシアター）,まつやましそうごうこみゅにてぃせんたー（こどもかんこすもしあたー）,愛媛県松山市湊町7丁目5,事務室×1,132.7542411,33.835499
松山市総合コミュニティセンター（体育館）,まつやましそうごうこみゅにてぃせんたー（たいいくかん）,愛媛県松山市湊町7丁目5,事務室×1,132.7550652,33.83633644
松山市総合コミュニティセンター（文化ホール事務所）,まつやましそうごうこみゅにてぃせんたー（ぶんかほーるじむしょ）,愛媛県松山市湊町7丁目5,事務室×1,132.755172,33.83569469
松山市総合福祉センター／老人福祉センター,まつやましそうごうふくしせんたー／ろうじんふくしせんたー,愛媛県松山市若草町8-2,1階社会福祉協議会事務所×1、2階松山市身体障害者福祉センター×1、3階老人福祉センター×1,132.7609928,33.84693988
松山市鷹子老人福祉センター,まつやましたかのころうじんふくしせんたー,愛媛県松山市鷹子町740,1階事務所前×1,132.8092604,33.81338425
松山市男女共同参画推進センター（コムズ）,まつやましだんじょきょうどうさんかくすいしんせんたー（こむず）,愛媛県松山市三番町6丁目4-20,1階受付×1,132.7594348,33.83817682
松山市中央卸売市場 中央市場,まつやましちゅうおうおろしうりしじょうちゅうおういちば,愛媛県松山市久万ノ台348-1,正門守衛室×1,132.7488588,33.8619058
松山市中央浄化センター,まつやましちゅうおうじょうかせんたー,愛媛県松山市南江戸4丁目1-1,中央監視室×1,132.7437651,33.83604049
松山市中島B&G海洋センター（体育館・プール）,まつやましなかじまびーあんどじーかいようせんたー（たいいくかんぷーる）,愛媛県松山市小浜甲1101-1,事務室×1,132.6289205,33.96677361
松山市中村老人福祉センター,まつやましなかむらろうじんふくしせんたー,愛媛県松山市中村3丁目2-34,1階事務所×1,132.7775665,33.83147588
松山市西クリーンセンター,まつやましにしくりーんせんたー,愛媛県松山市大可賀3丁目525-6,4階エレベーターホール×1、6階中央制御室内×1,132.7017149,33.84533069
松山市畑寺福祉センター,まつやましはたでらふくしせんたー,愛媛県松山市畑寺4丁目8-5,1階事務室×1,132.8046166,33.8252134
松山市北条市民会館,まつやましほうじょうしみんかいかん,愛媛県松山市北条辻6,1階ロビー×1,132.777372,33.97642132
松山市北条浄化センター,まつやましほうじょうじょうかせんたー,愛媛県松山市下難波甲1,中央監視室×1,132.7757405,33.98281228
松山市北部浄化センター,まつやましほくぶじょうかせんたー,愛媛県松山市和気町2丁目998,中央監視室×1,132.7352299,33.89566008
松山市北部福祉交流の家,まつやましほくぶふくしこうりゅうのいえ,愛媛県松山市安岡甲71-1,松山市北部福祉交流の家×1,132.7745022,33.93368625
松山市保健所（保健センター）,まつやましほけんしょ（ほけんせんたー）,愛媛県松山市萱町6丁目30-5,1階自動販売機コーナー付近×1,132.7577184,33.85243167
松山市保健センター南部分室,まつやましほけんせんたーなんぶぶんしつ,愛媛県松山市古川北3丁目8-20,事務室×1,132.7648657,33.81102303
松山市まちなか子育て・市民交流センター（てくるん）,まつやましまちなかこそだてしみんこうりゅうせんたー（てくるん）,愛媛県松山市大街道1丁目5-10,受付×1,132.770261,33.83722011
松山市南クリーンセンター,まつやましみなみくりーんせんたー,愛媛県松山市市坪西町1000-1,管理棟2階事務所×1,132.7387279,33.80663447
松山市民会館,まつやましみんかいかん,愛媛県松山市堀之内,大ホールスタッフ控え室×1、事務所内×1,132.7610152,33.84091617
松山市役所（第四別館）,まつやましやくしょ（だいよんべっかん）,愛媛県松山市三番町6丁目6-1,1階エレベーターホール×1,132.7604264,33.83799731
松山市役所（別館）,まつやましやくしょ（べっかん）,愛媛県松山市二番町4丁目7-2,1階西側入口×1,132.7651996,33.8396995
松山市役所（本館）,まつやましやくしょ（ほんかん）,愛媛県松山市二番町4丁目7-2,1階南側入り口×1,132.765656,33.83920664
松山市湯山福祉センター,まつやましゆやまふくしせんたー,愛媛県松山市末町乙50-6,1階事務所×1,132.8222571,33.86507572
松山城（天守広場）,まつやまじょう（てんしゅひろば）,愛媛県松山市丸之内1,きっぷ売り場×1,132.7658871,33.84507121
松山城長者ケ平,まつやまじょうちょうじゃがなる,愛媛県松山市丸之内2,ロープウェイ・リフト待合所×1,132.7682446,33.84420056
松山城二之丸史跡庭園,まつやまじょうにのまるしせきていえん,愛媛県松山市丸之内5,事務所×1,132.7639233,33.84277585
松山市立埋蔵文化財センター,まつやましりつまいぞうぶんかざいせんたー,愛媛県松山市南斎院町乙67-6,1階エントランス受付×1,132.7353454,33.83968568
松山城山ロープウェイ東雲口駅舎,まつやましろやまろーぷうぇいしののめくちえきしゃ,愛媛県松山市大街道3丁目2-46,駅舎1階×1,132.7719174,33.84469656
松山赤十字病院院内託児所,まつやませきじゅうじびょういんいんないたくじしょ,愛媛県松山市文京町1,託児所事務室×1,132.7743344,33.84839945
松山総合公園管理棟,まつやまそうごうこうえんかんりとう,愛媛県松山市朝日ヶ丘1丁目,2階総合公園分室×1,132.7377476,33.84414404
松山中央公園（坊っちゃんスタジアム）,まつやまちゅうおうこうえん（ぼっちゃんすたじあむ）,愛媛県松山市市坪西町625-1,事務室×1,132.7474301,33.80940067
松山中央公園（坊っちゃんスタジアム）スポーツフロアー,まつやまちゅうおうこうえん（ぼっちゃんすたじあむ）すぽーつふろあー,愛媛県松山市市坪西町625-1,ロビー×1,132.7474597,33.80755819
松山中央公園（マドンナスタジアム）,まつやまちゅうおうこうえん（まどんなすたじあむ）,愛媛県松山市市坪西町625-1,ロビー×1,132.7480889,33.81130028
松山中央公園インフォメーションセンター,まつやまちゅうおうこうえんいんふぉめーしょんせんたー,愛媛県松山市市坪西町625-1,ロビー×1,132.7452774,33.80931426
松山中央公園屋内運動場,まつやまちゅうおうこうえんおくないうんどうじょう,愛媛県松山市市坪西町625-1,ロビー×1,132.7485859,33.80996646
松山中央公園多目的競技場（瀬戸風バンク）,まつやまちゅうおうこうえんたもくてききょうぎじょう（せとかぜばんく）,愛媛県松山市市坪西町796-6,2階インフォメーション前×1、東サイドスタンド1階医務室内×1,132.7422679,33.80873213
松山中央公園プール（アクアパレットまつやま）,まつやまちゅうおうこうえんぷーる（あくあぱれっとまつやま）,愛媛県松山市市坪西町625-1,屋内プール監視員室内×1・屋外プール監視員室内×1,132.746965,33.81107528
松山中央乳児保育園,まつやまちゅうおうにゅうじほいくえん,愛媛県松山市三番町8丁目326-1,職員室×1,132.7531376,33.83783592
松山認定こども園 和泉 和泉保育園,まつやまにんていこどもえんいずみいずみほいくえん,愛媛県松山市和泉北1丁目20-18,医務室×1,132.7616394,33.82542889
松山認定こども園 コイノニア幼稚園 リベカ清水保育園,まつやまにんていこどもえんこいのにあようちえんりべかしみずほいくえん,愛媛県松山市清水町2丁目19-8,事務室×1,132.7626182,33.85071112
松山認定こども園 星岡,まつやまにんていこどもえんほしおか,愛媛県松山市星岡2丁目22-7,医務室（2号棟）×1,132.7839609,33.81951303
松山保育園,まつやまほいくえん,愛媛県松山市中村3丁目5-29,事務室×1,132.7756201,33.83051782
松山リエール保育園,まつやまりえーるほいくえん,愛媛県松山市大手町2丁目1-3,保育倉庫×1,132.7548548,33.8390959
まつやまRe・再来館（りっくる）,まつやまりさいくるかん（りっくる）,愛媛県松山市空港通1丁目1-32,南棟内×1,132.7508561,33.82754597
松山リハビリテーション病院院内保育室,まつやまりはびりてーしょんびょういんいんないほいくしつ,愛媛県松山市高井町1211,院内保育室×1,132.8082617,33.79991569
ミキ・スタディー・パルズ インターナショナルスクール,みきすたでぃーぱるずいんたーなしょなるすくーる,愛媛県松山市中央1丁目12-15,事務所×1,132.7512003,33.85538666
味酒公民館,みさけこうみんかん,愛媛県松山市松前町5丁目1-6,玄関ロビー×1,132.7578218,33.84971004
味酒小学校,みさけしょうがっこう,愛媛県松山市宮西2丁目2-21,職員室×1、体育館×1、保健室×1,132.7528605,33.84780946
味酒第1児童クラブ,みさけだいいちじどうくらぶ,愛媛県松山市宮西2丁目2-21,児童クラブ内×1,132.753806,33.84780393
味酒第2児童クラブ,みさけだいにじどうくらぶ,愛媛県松山市宮西2丁目2-21,児童クラブ内×1,132.753806,33.84780393
溝辺ふれあいセンター,みぞのべふれあいせんたー,愛媛県松山市溝辺町甲565-2,玄関ロビー×1,132.8059187,33.85209096
道の駅 風早の郷「風和里」,みちのえきかざはやのさと「ふわり」,愛媛県松山市大浦119,特産品売場×1,132.7720847,33.99659153
三津口団地,みつくちだんち,愛媛県松山市萱町6丁目100,団地集会所×1,132.7554627,33.85385179
三津浜公民館,みつはまこうみんかん,愛媛県松山市三津3丁目2-30,玄関×1,132.7147941,33.86156562
三津浜小学校,みつはましょうがっこう,愛媛県松山市梅田町2-42,職員室前廊下×1、体育館×1、保健室×1,132.7152003,33.85972921
三津浜中学校,みつはまちゅうがっこう,愛媛県松山市若葉町8-48,職員室×1、体育館×1、保健室×1,132.7181287,33.8567688
三津浜図書館,みつはまとしょかん,愛媛県松山市住吉2丁目4-12,1階入り口付近×1,132.7142811,33.86319846
三津浜幼稚園,みつはまようちえん,愛媛県松山市神田町1-41,職員室×1、ホール前×1,132.7189636,33.8611698
緑ヶ浜保育園,みどりがはまほいくえん,愛媛県松山市勝岡町2613-4,事務室×1,132.7250449,33.89886717
みどり小学校,みどりしょうがっこう,愛媛県松山市西長戸町493-2,職員室×1、体育館×1、保健室×1,132.7386502,33.86609095
みどり第2児童クラブ,みどりだいにじどうくらぶ,愛媛県松山市西長戸町493-2,児童クラブ内×1,132.7404353,33.86665421
南江戸団地,みなみえどだんち,愛媛県松山市南江戸6丁目3-5 外,団地集会所×1,132.7390947,33.83921182
南消防署,みなみしょうぼうしょ,愛媛県松山市北土居3丁目3-26,1階受付×1,132.785604,33.80194582
南消防署 久谷救急出張所,みなみしょうぼうしょくたにきゅうきゅうしゅっちょうしょ,愛媛県松山市東方町甲952-1,1階事務所×1,132.8157275,33.76782865
南消防署 東部支署,みなみしょうぼうしょとうぶししょ,愛媛県松山市平井町甲3280-7,1階受付×1,132.8191632,33.80619319
南第二中学校,みなみだいにちゅうがっこう,愛媛県松山市森松町943,職員室×1、体育館×1、保健室×1,132.7928083,33.79512427
南高井保育園,みなみたかいほいくえん,愛媛県松山市南高井町1389-1,職員室×1,132.8093537,33.79273867
南中学校,みなみちゅうがっこう,愛媛県松山市東石井7丁目2-52,職員室×2、体育館×1,132.7759808,33.80753235
南保育園,みなみほいくえん,愛媛県松山市東方町甲2240,職員室×1,132.8219871,33.77708592
味生公民館,みぶこうみんかん,愛媛県松山市別府町177-1,玄関ロビー×1,132.7261427,33.84375028
味生児童館,みぶじどうかん,愛媛県松山市別府町177-1,1階事務室内×1,132.7260866,33.84385145
味生小学校,みぶしょうがっこう,愛媛県松山市別府町166-4,職員室前×1、体育館×1、保健室×1,132.7256763,33.84481162
味生第1児童クラブ,みぶだいいちじどうくらぶ,愛媛県松山市別府町166-4 味生小学校内,児童クラブ内×1,132.7249994,33.84498206
味生第5児童クラブ,みぶだいごじどうくらぶ,愛媛県松山市別府町166-4 味生小学校内,児童クラブ内×1,132.7249994,33.84498206
味生第二Ａ児童クラブ,みぶだいにえーじどうくらぶ,愛媛県松山市別府町3-1,児童クラブ内×1,132.7294235,33.84439612
味生第二C児童クラブ,みぶだいにしーじどうくらぶ,愛媛県松山市別府町177-1 味生ふれあいセンター,児童クラブ内×1,132.7261471,33.84373835
味生第二小学校,みぶだいにしょうがっこう,愛媛県松山市別府町3-1,体育倉庫×1、体育館×1、職員室×1,132.7281616,33.84428681
味生保育園,みぶほいくえん,愛媛県松山市北斎院町759-1,事務室×1,132.7249309,33.84300601
味生保育園分室,みぶほいくえんんぶんしつ,愛媛県松山市別府町166-4,事務室×1,132.7253388,33.84495827
宮前公民館,みやまえこうみんかん,愛媛県松山市古三津1丁目26-48,玄関×1,132.7248472,33.86019273
宮前小学校,みやまえしょうがっこう,愛媛県松山市祓川1丁目3-39,職員室×1、体育館×1、保健室×1,132.7200731,33.8594905
宮前第1児童クラブ,みやまえだいいちじどうくらぶ,愛媛県松山市祓川2丁目5-8,児童クラブ内×1,132.7195676,33.86012404
宮前第2児童クラブ,みやまえだいにじどうくらぶ,愛媛県松山市祓川1丁目3-39,児童クラブ内×1,132.7204511,33.85951544
もものはなこども園,もものはなこどもえん,愛媛県松山市由良町479,玄関×1,132.674073,33.90187606
もりもりキッズ,もりもりきっず,愛媛県松山市苞木甲200,事務室×1,132.77577,33.94136051
野外活動センター（管理棟）,やがいかつどうせんたー（かんりとう）,愛媛県松山市菅沢町乙280,ロビー×1,132.810237,33.9152112
野外活動センター（キャンプオフィス）,やがいかつどうせんたー（きゃんぷおふぃす）,愛媛県松山市菅沢町乙280,事務室×1,132.812427,33.91772556
野外活動センター （グランド管理棟）,やがいかつどうせんたー（ぐらんどかんりとう）,愛媛県松山市菅沢町乙280,ロビー×1,132.8115145,33.91772045
野外活動センター （体育館）,やがいかつどうせんたー（たいいくかん）,愛媛県松山市菅沢町乙280,ホール×1,132.8110407,33.91780796
夜間保育所ふくろうの家,やかんほいくしょふくろうのいえ,愛媛県松山市久万ノ台173,保育室内キッチン×1,132.7469407,33.85785095
八雲保育園,やくもほいくえん,愛媛県松山市此花町1-8,事務室×1,132.7810086,33.8403772
八坂公民館,やさかこうみんかん,愛媛県松山市三番町1丁目3-2,玄関×1,132.7725275,33.83732647
八坂児童クラブ,やさかじどうくらぶ,愛媛県松山市湯渡町4-20,児童クラブ内×1,132.7823433,33.84032266
八坂小学校,やさかしょうがっこう,愛媛県松山市湯渡町4-20,職員室×1、体育館×1、保健室×1,132.7824428,33.83972594
山狩団地,やまがりだんち,愛媛県松山市中島大浦3156,階段上り口横壁×1,132.6253041,33.97342141
山越団地,やまごえだんち,愛媛県松山市山越1丁目6-1 外,団地集会所×1,132.7578453,33.85740286
山越保育園,やまごえほいくえん,愛媛県松山市山越1丁目19-40,事務室×1,132.755415,33.85649904
山西団地,やまにしだんち,愛媛県松山市山西町169-2,団地集会所×1,132.7301026,33.85187797
雄郡公民館,ゆうぐんこうみんかん,愛媛県松山市小栗3丁目5-24,玄関ロビー×1,132.7594321,33.8279077
雄郡小学校,ゆうぐんしょうがっこう,愛媛県松山市土橋町1,3校舎玄関、体育館×1、職員室×1,132.7582483,33.83156435
雄郡第1児童クラブ,ゆうぐんだいいちじどうくらぶ,愛媛県松山市藤原町618-1,児童クラブ内×1,132.7594069,33.83188689
雄郡第2児童クラブ,ゆうぐんだいにじどうくらぶ,愛媛県松山市土橋町1,児童クラブ内×1,132.7574691,33.83187521
雄新中学校,ゆうしんちゅうがっこう,愛媛県松山市土居田町1,体育館1F×1、柔剣道場1階、保健室×1,132.7537009,33.82476902
ユーミー保育園たかのこ,ゆーみーほいくえんたかのこ,愛媛県松山市鷹子町407-1,事務室兼職員室の入口横・正面玄関側×1,132.8187122,33.81228215
湯月公園テニスコート,ゆづきこうえんてにすこーと,愛媛県松山市道後姫塚140-1,事務室×1,132.7906377,33.85033337
湯築小学校,ゆづきしょうがっこう,愛媛県松山市道後北代10-41,職員室×1、体育館×1、保健室×1,132.7776753,33.85426673
湯築第1児童クラブ,ゆづきだいいちじどうくらぶ,愛媛県松山市道後北代10-41,児童クラブ内×1,132.7781103,33.8531254
湯築第2児童クラブ,ゆづきだいにじどうくらぶ,愛媛県松山市道後北代10-41,児童クラブ内×1,132.7781372,33.85355877
湯山公民館,ゆやまこうみんかん,愛媛県松山市末町甲94-1,玄関×1,132.8176504,33.8639689
湯山小学校,ゆやましょうがっこう,愛媛県松山市食場町甲128,職員室×2、体育館×1,132.8136454,33.86025139
湯山第3児童クラブ,ゆやまだいさんじどうくらぶ,愛媛県松山市食場町甲128,児童クラブ内×1,132.8147134,33.86056412
湯山第2児童クラブ,ゆやまだいにじどうくらぶ,愛媛県松山市食場町甲128,児童クラブ内×1,132.8146316,33.86109088
湯山中学校,ゆやまちゅうがっこう,愛媛県松山市溝辺町甲508-1,職員室×1、体育館×1、特別棟×1、運動場×1,132.8072882,33.85362388
由良公民館,ゆらこうみんかん,愛媛県松山市由良町1048-2,玄関ロビー×1,132.6806662,33.90360039
湯渡団地,ゆわたりだんち,愛媛県松山市紅葉町3-66 外,2棟掃除用具入れ横×1,132.7881496,33.84148334
余戸おとのわ保育園,ようごおとのわほいくえん,愛媛県松山市余戸東4丁目2-10,玄関×1,132.7347702,33.81576456
養護老人ホーム 江南荘,ようごろうじんほーむこうなんそう,愛媛県松山市恵原町甲880,1階医務室×1,132.8142769,33.76872412
幼保連携型認定こども園 愛隣こども園,ようほれんけいがたにんていこどもえんあいりんこどもえん,愛媛県松山市三津3丁目6-30,医務室×1,132.7133782,33.86239048
幼保連携型認定こども園 虹のそらこども園,ようほれんけいがたにんていこどもえんにじのそらこどもえん,愛媛県松山市朝生田6丁目2-24,玄関ホール×1,132.7669247,33.82073648
幼保連携型認定こども園 法龍寺こども園,ようほれんけいがたにんていこどもえんほうりゅうじこどもえん,愛媛県松山市柳井町3丁目8-14,玄関内受付×1,132.764853,33.83469003
幼保連携型認定こども園 三葉幼稚園,ようほれんけいがたにんていこどもえんみつばようちえん,愛媛県松山市山西町447,1階事務内×1,132.729022,33.85242585
幼保連携型認定こども園 未来こども園,ようほれんけいがたにんていこどもえんみらいこどもえん,愛媛県松山市来住町730-4,事務室×1,132.8003442,33.80414557
幼保連携型認定こども園 未来夢こども園,ようほれんけいがたにんていこどもえんみらいゆめこどもえん,愛媛県松山市北井門5丁目2-2,事務室×1,132.7720598,33.80358116
幼保連携型認定こども園 ゆめの森こども園,ようほれんけいがたにんていこどもえんゆめのもりこどもえん,愛媛県松山市雄郡1丁目9-35,職員室×1,132.7567712,33.83059301
吉藤団地,よしふじだんち,愛媛県松山市吉藤2丁目1-1 外,団地集会所×1,132.7568926,33.86801794
余土公民館,よどこうみんかん,愛媛県松山市余戸東4丁目2-34,体育室入口横×1,132.7358316,33.81590006
余土児童クラブ,よどじどうくらぶ,愛媛県松山市余戸東4丁目1-19,児童クラブ内×1,132.7362751,33.81622794
余土小学校,よどしょうがっこう,愛媛県松山市余戸東1丁目14-17,22教室棟1階廊下×1、職員室前玄関×1、保健室×1、体育館入口×1,132.7364616,33.81500068
余土中学校,よどちゅうがっこう,愛媛県松山市保免西4丁目5-23,体育館×1、武道場入口×1、保健室×1、国旗掲揚台後×1,132.7417283,33.81366181
余土保育園,よどほいくえん,愛媛県松山市余戸東4丁目1-19,事務室×1,132.7363757,33.81623906
余土南団地,よどみなみだんち,愛媛県松山市余戸南6丁目2-8,団地集会所×1,132.7217641,33.80946523
与力団地,よりきだんち,愛媛県松山市平井町3645、110,団地集会所×1,132.8375972,33.80854308
和気公民館,わけこうみんかん,愛媛県松山市太山寺町1226-1,玄関ロビー×1,132.7321638,33.88816019
和気児童クラブ,わけじどうくらぶ,愛媛県松山市太山寺町1111-1,児童クラブ内×1,132.7313264,33.88965706
和気小学校,わけしょうがっこう,愛媛県松山市太山寺町671-3,職員室×1、体育館×1、保健室×1、運動場体育倉庫×1,132.7331903,33.88975887
